old_url,new_url,status
https://blog.zlendorealty.com/ground-floor-house-plan-smart-design/,https://zlendorealty.com/blog/ground-floor-house-plan-smart-design,301
https://blog.zlendorealty.com/single-brick-wall-thickness-standard-size/,https://zlendorealty.com/blog/single-brick-wall-thickness-standard-size,301
https://blog.zlendorealty.com/baffle-walls-in-septic-tanks-what-they-are/,https://zlendorealty.com/blog/baffle-walls-in-septic-tanks-what-they-are,301
https://blog.zlendorealty.com/poster-tape-for-walls-the-best-way/,https://zlendorealty.com/blog/poster-tape-for-walls-the-best-way,301
https://blog.zlendorealty.com/wall-hanging-crafts-for-school-projects/,https://zlendorealty.com/blog/wall-hanging-crafts-for-school-projects,301
https://blog.zlendorealty.com/south-west-kitchen-vastu-practical-guide/,https://zlendorealty.com/blog/south-west-kitchen-vastu-practical-guide,301
https://blog.zlendorealty.com/2000-sq-ft-home-for-the-middle-class/,https://zlendorealty.com/blog/2000-sq-ft-home-for-the-middle-class,301
https://blog.zlendorealty.com/pvc-round-sheets-uses-advantages/,https://zlendorealty.com/blog/pvc-round-sheets-uses-advantages,301
https://blog.zlendorealty.com/brick-wall-measurement-a-simple-guide/,https://zlendorealty.com/blog/brick-wall-measurement-a-simple-guide,301
https://blog.zlendorealty.com/ledge-wall-thickness-how-to-design-smart/,https://zlendorealty.com/blog/ledge-wall-thickness-how-to-design-smart,301
https://blog.zlendorealty.com/optimizing-dressing-room-size-for-homes/,https://zlendorealty.com/blog/optimizing-dressing-room-size-for-homes,301
https://blog.zlendorealty.com/transform-your-walls-homesure-wall-putty/,https://zlendorealty.com/blog/transform-your-walls-homesure-wall-putty,301
https://blog.zlendorealty.com/power-of-light-grey-walls/,https://zlendorealty.com/blog/power-of-light-grey-walls,301
https://blog.zlendorealty.com/understanding-average-room-dimensions/,https://zlendorealty.com/blog/understanding-average-room-dimensions,301
https://blog.zlendorealty.com/prism-club-and-kitchen-night-life/,https://zlendorealty.com/blog/prism-club-and-kitchen-night-life,301
https://blog.zlendorealty.com/understanding-the-cost-to-texture-walls/,https://zlendorealty.com/blog/understanding-the-cost-to-texture-walls,301
https://blog.zlendorealty.com/cubicle-dimensions-for-efficiency/,https://zlendorealty.com/blog/cubicle-dimensions-for-efficiency,301
https://blog.zlendorealty.com/pergola-decorating-ideas-outdoor-space/,https://zlendorealty.com/blog/pergola-decorating-ideas-outdoor-space,301
https://blog.zlendorealty.com/meaning-of-standard-room-should-know/,https://zlendorealty.com/blog/meaning-of-standard-room-should-know,301
https://blog.zlendorealty.com/standard-kitchen-cabinet-sizes-chart/,https://zlendorealty.com/blog/standard-kitchen-cabinet-sizes-chart,301
https://blog.zlendorealty.com/designing-rooms-as-per-vastu/,https://zlendorealty.com/blog/designing-rooms-as-per-vastu,301
https://blog.zlendorealty.com/maximizing-ideal-wardrobe-size/,https://zlendorealty.com/blog/maximizing-ideal-wardrobe-size,301
https://blog.zlendorealty.com/bedroom-design-as-per-vastu-shastra/,https://zlendorealty.com/blog/bedroom-design-as-per-vastu-shastra,301
https://blog.zlendorealty.com/ultimate-guide-to-pooja-room-door-vastu/,https://zlendorealty.com/blog/ultimate-guide-to-pooja-room-door-vastu,301
https://blog.zlendorealty.com/handmade-kitchen-sink-complete-buyers-guide/,https://zlendorealty.com/blog/handmade-kitchen-sink-complete-buyers-guide,301
https://blog.zlendorealty.com/exploring-the-luxurious-deluxe-twin-room/,https://zlendorealty.com/blog/exploring-the-luxurious-deluxe-twin-room,301
https://blog.zlendorealty.com/mastering-parapet-wall-steel-design-trends/,https://zlendorealty.com/blog/mastering-parapet-wall-steel-design-trends,301
https://blog.zlendorealty.com/bund-walls-and-their-importance/,https://zlendorealty.com/blog/bund-walls-and-their-importance,301
https://blog.zlendorealty.com/mastering-door-handle-height-key/,https://zlendorealty.com/blog/mastering-door-handle-height-key,301
https://blog.zlendorealty.com/main-door-color-as-per-vastu/,https://zlendorealty.com/blog/main-door-color-as-per-vastu,301
https://blog.zlendorealty.com/complete-guide-to-standard-almirah-size/,https://zlendorealty.com/blog/complete-guide-to-standard-almirah-size,301
https://blog.zlendorealty.com/neutral-living-room-colors-modern-home/,https://zlendorealty.com/blog/neutral-living-room-colors-modern-home,301
https://blog.zlendorealty.com/right-dining-table-shape-to-choose/,https://zlendorealty.com/blog/right-dining-table-shape-to-choose,301
https://blog.zlendorealty.com/right-room-direction-as-per-vastu/,https://zlendorealty.com/blog/right-room-direction-as-per-vastu,301
https://blog.zlendorealty.com/standard-wardrobe-width-interior-designers/,https://zlendorealty.com/blog/standard-wardrobe-width-interior-designers,301
https://blog.zlendorealty.com/perfect-standard-wardrobe-depth/,https://zlendorealty.com/blog/perfect-standard-wardrobe-depth,301
https://blog.zlendorealty.com/kitchen-sleek-design-is-becoming-essential/,https://zlendorealty.com/blog/kitchen-sleek-design-is-becoming-essential,301
https://blog.zlendorealty.com/queen-size-bed-size-in-feet-complete-guide/,https://zlendorealty.com/blog/queen-size-bed-size-in-feet-complete-guide,301
https://blog.zlendorealty.com/balcony-dimensions-before-your-home/,https://zlendorealty.com/blog/balcony-dimensions-before-your-home,301
https://blog.zlendorealty.com/sleek-cupboard-designs-smart-storage/,https://zlendorealty.com/blog/sleek-cupboard-designs-smart-storage,301
https://blog.zlendorealty.com/how-to-plant-money-plant-indoors/,https://zlendorealty.com/blog/how-to-plant-money-plant-indoors,301
https://blog.zlendorealty.com/wall-finishing-materials-enhance-interior/,https://zlendorealty.com/blog/wall-finishing-materials-enhance-interior,301
https://blog.zlendorealty.com/can-kitchen-be-in-north-east-vastu-insights/,https://zlendorealty.com/blog/can-kitchen-be-in-north-east-vastu-insights,301
https://blog.zlendorealty.com/bedroom-decoration-as-per-vastu-simple-ways/,https://zlendorealty.com/blog/bedroom-decoration-as-per-vastu-simple-ways,301
https://blog.zlendorealty.com/partition-board-materials-in-interior-design/,https://zlendorealty.com/blog/partition-board-materials-in-interior-design,301
https://blog.zlendorealty.com/kitchen-breakfast-counter-height/,https://zlendorealty.com/blog/kitchen-breakfast-counter-height,301
https://blog.zlendorealty.com/bathroom-basin-size-guide-how-to-choose/,https://zlendorealty.com/blog/bathroom-basin-size-guide-how-to-choose,301
https://blog.zlendorealty.com/maintenance-floors-for-modern-homes/,https://zlendorealty.com/blog/maintenance-floors-for-modern-homes,301
https://blog.zlendorealty.com/drawing-room-vastu-simple-guidelines/,https://zlendorealty.com/blog/drawing-room-vastu-simple-guidelines,301
https://blog.zlendorealty.com/wallpaper-per-square-foot-in-india-cost/,https://zlendorealty.com/blog/wallpaper-per-square-foot-in-india-cost,301
https://blog.zlendorealty.com/kitchen-cabinet-dimensions-a-guide/,https://zlendorealty.com/blog/kitchen-cabinet-dimensions-a-guide,301
https://blog.zlendorealty.com/kitchen-table-top-height-in-india/,https://zlendorealty.com/blog/kitchen-table-top-height-in-india,301
https://blog.zlendorealty.com/kitchen-slab-colour-guide-vastu-approved/,https://zlendorealty.com/blog/kitchen-slab-colour-guide-vastu-approved,301
https://blog.zlendorealty.com/room-position-as-per-vastu-best-direction/,https://zlendorealty.com/blog/room-position-as-per-vastu-best-direction,301
https://blog.zlendorealty.com/south-facing-site-vastu-complete-guide/,https://zlendorealty.com/blog/south-facing-site-vastu-complete-guide,301
https://blog.zlendorealty.com/wash-basin-standard-size-guide-ideal/,https://zlendorealty.com/blog/wash-basin-standard-size-guide-ideal,301
https://blog.zlendorealty.com/south-east-balcony-vastu-remedies-simple/,https://zlendorealty.com/blog/south-east-balcony-vastu-remedies-simple,301
https://blog.zlendorealty.com/acrylic-vs-laminate-kitchen-cabinets-cost/,https://zlendorealty.com/blog/acrylic-vs-laminate-kitchen-cabinets-cost,301
https://blog.zlendorealty.com/seven-horse-picture-vastu-meaning-benefits/,https://zlendorealty.com/blog/seven-horse-picture-vastu-meaning-benefits,301
https://blog.zlendorealty.com/toilet-in-north-west-corner-vastu-meaning/,https://zlendorealty.com/blog/toilet-in-north-west-corner-vastu-meaning,301
https://blog.zlendorealty.com/modular-kitchen-companies-in-india/,https://zlendorealty.com/blog/modular-kitchen-companies-in-india,301
https://blog.zlendorealty.com/room-partition-materials-for-indian-homes/,https://zlendorealty.com/blog/room-partition-materials-for-indian-homes,301
https://blog.zlendorealty.com/modular-kitchen-budget-planning-cost/,https://zlendorealty.com/blog/modular-kitchen-budget-planning-cost,301
https://blog.zlendorealty.com/money-plant-direction-as-per-vastu/,https://zlendorealty.com/blog/money-plant-direction-as-per-vastu,301
https://blog.zlendorealty.com/arrange-an-l-shaped-sofa-in-living-room/,https://zlendorealty.com/blog/arrange-an-l-shaped-sofa-in-living-room,301
https://blog.zlendorealty.com/bathroom-vanity-designs-pictures-stylish/,https://zlendorealty.com/blog/bathroom-vanity-designs-pictures-stylish,301
https://blog.zlendorealty.com/l-shaped-corner-tv-unit-designs-smart/,https://zlendorealty.com/blog/l-shaped-corner-tv-unit-designs-smart,301
https://blog.zlendorealty.com/standard-living-room-size-in-feet-guide/,https://zlendorealty.com/blog/standard-living-room-size-in-feet-guide,301
https://blog.zlendorealty.com/smart-shelving-ideas-to-upgrade-storage/,https://zlendorealty.com/blog/smart-shelving-ideas-to-upgrade-storage,301
https://blog.zlendorealty.com/pvc-interior-design-for-bedroom/,https://zlendorealty.com/blog/pvc-interior-design-for-bedroom,301
https://blog.zlendorealty.com/simple-wardrobe-designs-for-small-bedroom/,https://zlendorealty.com/blog/simple-wardrobe-designs-for-small-bedroom,301
https://blog.zlendorealty.com/kota-stone-design-durable-affordable/,https://zlendorealty.com/blog/kota-stone-design-durable-affordable,301
https://blog.zlendorealty.com/pvc-furniture-kitchen-design-smart-durable/,https://zlendorealty.com/blog/pvc-furniture-kitchen-design-smart-durable,301
https://blog.zlendorealty.com/best-material-for-wardrobe/,https://zlendorealty.com/blog/best-material-for-wardrobe,301
https://blog.zlendorealty.com/cute-girl-bedrooms-sweet-stylish/,https://zlendorealty.com/blog/cute-girl-bedrooms-sweet-stylish,301
https://blog.zlendorealty.com/balcony-roof-covering-ideas-to-protect/,https://zlendorealty.com/blog/balcony-roof-covering-ideas-to-protect,301
https://blog.zlendorealty.com/kitchen-pantry-design-india-smart/,https://zlendorealty.com/blog/kitchen-pantry-design-india-smart,301
https://blog.zlendorealty.com/black-and-grey-kitchen-cabinets/,https://zlendorealty.com/blog/black-and-grey-kitchen-cabinets,301
https://blog.zlendorealty.com/closed-sitout-design-ideas/,https://zlendorealty.com/blog/closed-sitout-design-ideas,301
https://blog.zlendorealty.com/standard-kitchen-window-dimensions/,https://zlendorealty.com/blog/standard-kitchen-window-dimensions,301
https://blog.zlendorealty.com/modern-drawing-room-ideas-stylish/,https://zlendorealty.com/blog/modern-drawing-room-ideas-stylish,301
https://blog.zlendorealty.com/latest-window-glass-design-for-home/,https://zlendorealty.com/blog/latest-window-glass-design-for-home,301
https://blog.zlendorealty.com/balcony-fencing-ideas-to-enhance-safety/,https://zlendorealty.com/blog/balcony-fencing-ideas-to-enhance-safety,301
https://blog.zlendorealty.com/wardrobe-position-as-per-vastu/,https://zlendorealty.com/blog/wardrobe-position-as-per-vastu,301
https://blog.zlendorealty.com/ai-property-valuation-instant-cost-estimates/,https://zlendorealty.com/blog/ai-property-valuation-instant-cost-estimates,301
https://blog.zlendorealty.com/indian-traditional-living-room-ideas/,https://zlendorealty.com/blog/indian-traditional-living-room-ideas,301
https://blog.zlendorealty.com/modern-kitchen-countertops-in-india-choosing-the-right-material-for-style-and-durability/,https://zlendorealty.com/blog/modern-kitchen-countertops-in-india-choosing-the-right-material-for-style-and-durability,301
https://blog.zlendorealty.com/cost-of-aluminium-sliding-windows/,https://zlendorealty.com/blog/cost-of-aluminium-sliding-windows,301
https://blog.zlendorealty.com/staircase-position-according-to-vastu/,https://zlendorealty.com/blog/staircase-position-according-to-vastu,301
https://blog.zlendorealty.com/asian-paints-bedroom-design-ideas/,https://zlendorealty.com/blog/asian-paints-bedroom-design-ideas,301
https://blog.zlendorealty.com/cove-false-ceiling-designs-modern/,https://zlendorealty.com/blog/cove-false-ceiling-designs-modern,301
https://blog.zlendorealty.com/how-to-choose-bathroom-tiles/,https://zlendorealty.com/blog/how-to-choose-bathroom-tiles,301
https://blog.zlendorealty.com/acrylic-modular-kitchen-a-complete-guide/,https://zlendorealty.com/blog/acrylic-modular-kitchen-a-complete-guide,301
https://blog.zlendorealty.com/pvc-modular-kitchen-design-affordable/,https://zlendorealty.com/blog/pvc-modular-kitchen-design-affordable,301
https://blog.zlendorealty.com/inlet-diverter-guide-smart-water-control/,https://zlendorealty.com/blog/inlet-diverter-guide-smart-water-control,301
https://blog.zlendorealty.com/wash-basin-dimensions-how-to-choose-right/,https://zlendorealty.com/blog/wash-basin-dimensions-how-to-choose-right,301
https://blog.zlendorealty.com/modern-bedroom-designs-simple-functional/,https://zlendorealty.com/blog/modern-bedroom-designs-simple-functional,301
https://blog.zlendorealty.com/crockery-glass-design-ideas-for-kitchen/,https://zlendorealty.com/blog/crockery-glass-design-ideas-for-kitchen,301
https://blog.zlendorealty.com/toilet-vanity-design-for-small-bathrooms/,https://zlendorealty.com/blog/toilet-vanity-design-for-small-bathrooms,301
https://blog.zlendorealty.com/house-balcony-roof-design-ideas/,https://zlendorealty.com/blog/house-balcony-roof-design-ideas,301
https://blog.zlendorealty.com/kids-bedroom-design-ideas-creative/,https://zlendorealty.com/blog/kids-bedroom-design-ideas-creative,301
https://blog.zlendorealty.com/children-bedroom-design-comfortable/,https://zlendorealty.com/blog/children-bedroom-design-comfortable,301
https://blog.zlendorealty.com/kids-room-interior-design-ideas/,https://zlendorealty.com/blog/kids-room-interior-design-ideas,301
https://blog.zlendorealty.com/entrance-foyer-design-ideas-to-create/,https://zlendorealty.com/blog/entrance-foyer-design-ideas-to-create,301
https://blog.zlendorealty.com/small-office-interior-design-ideas-in-india/,https://zlendorealty.com/blog/small-office-interior-design-ideas-in-india,301
https://blog.zlendorealty.com/best-interior-designers-in-bangalore/,https://zlendorealty.com/blog/best-interior-designers-in-bangalore,301
https://blog.zlendorealty.com/home-boundary-wall-design-ideas/,https://zlendorealty.com/blog/home-boundary-wall-design-ideas,301
https://blog.zlendorealty.com/difference-between-ceramic-and-vitrified/,https://zlendorealty.com/blog/difference-between-ceramic-and-vitrified,301
https://blog.zlendorealty.com/what-is-tandem-box-hardware/,https://zlendorealty.com/blog/what-is-tandem-box-hardware,301
https://blog.zlendorealty.com/staircase-vastu-for-homes-direction/,https://zlendorealty.com/blog/staircase-vastu-for-homes-direction,301
https://blog.zlendorealty.com/unique-crockery-unit-designs-smart/,https://zlendorealty.com/blog/unique-crockery-unit-designs-smart,301
https://blog.zlendorealty.com/what-is-ips-flooring-meaning-features/,https://zlendorealty.com/blog/what-is-ips-flooring-meaning-features,301
https://blog.zlendorealty.com/modern-interior-decoration-of-drawing-room/,https://zlendorealty.com/blog/modern-interior-decoration-of-drawing-room,301
https://blog.zlendorealty.com/breakfast-counter-dimensions-guide/,https://zlendorealty.com/blog/breakfast-counter-dimensions-guide,301
https://blog.zlendorealty.com/terrace-flooring-design-ideas-for-homes/,https://zlendorealty.com/blog/terrace-flooring-design-ideas-for-homes,301
https://blog.zlendorealty.com/blinds-or-curtains-choosing-the-right-window/,https://zlendorealty.com/blog/blinds-or-curtains-choosing-the-right-window,301
https://blog.zlendorealty.com/where-to-place-aquarium-in-living-room/,https://zlendorealty.com/blog/where-to-place-aquarium-in-living-room,301
https://blog.zlendorealty.com/top-ten-expensive-houses-in-the-world/,https://zlendorealty.com/blog/top-ten-expensive-houses-in-the-world,301
https://blog.zlendorealty.com/biggest-home-in-the-world-inside/,https://zlendorealty.com/blog/biggest-home-in-the-world-inside,301
https://blog.zlendorealty.com/kitchen-architecture-design-ideas-home/,https://zlendorealty.com/blog/kitchen-architecture-design-ideas-home,301
https://blog.zlendorealty.com/office-direction-as-per-vastu/,https://zlendorealty.com/blog/office-direction-as-per-vastu,301
https://blog.zlendorealty.com/shoe-rack-under-stairs-vastu-right-placement/,https://zlendorealty.com/blog/shoe-rack-under-stairs-vastu-right-placement,301
https://blog.zlendorealty.com/italian-marble-vs-indian-marble-cost/,https://zlendorealty.com/blog/italian-marble-vs-indian-marble-cost,301
https://blog.zlendorealty.com/where-to-keep-money-at-home-as-per-vastu/,https://zlendorealty.com/blog/where-to-keep-money-at-home-as-per-vastu,301
https://blog.zlendorealty.com/average-bathroom-size-a-practical-guide/,https://zlendorealty.com/blog/average-bathroom-size-a-practical-guide,301
https://blog.zlendorealty.com/foyer-wall-design-ideas-impression/,https://zlendorealty.com/blog/foyer-wall-design-ideas-impression,301
https://blog.zlendorealty.com/l-shaped-showcase-designs-for-living-rooms/,https://zlendorealty.com/blog/l-shaped-showcase-designs-for-living-rooms,301
https://blog.zlendorealty.com/most-expensive-house-in-the-world/,https://zlendorealty.com/blog/most-expensive-house-in-the-world,301
https://blog.zlendorealty.com/largest-house-in-the-world-size-facts/,https://zlendorealty.com/blog/largest-house-in-the-world-size-facts,301
https://blog.zlendorealty.com/antilia-house-inside-a-closer-look/,https://zlendorealty.com/blog/antilia-house-inside-a-closer-look,301
https://blog.zlendorealty.com/celebrity-houses-in-bandra/,https://zlendorealty.com/blog/celebrity-houses-in-bandra,301
https://blog.zlendorealty.com/veneer-vs-laminate-which-material-is-better/,https://zlendorealty.com/blog/veneer-vs-laminate-which-material-is-better,301
https://blog.zlendorealty.com/shalini-passi-house-luxury-room/,https://zlendorealty.com/blog/shalini-passi-house-luxury-room,301
https://blog.zlendorealty.com/vastu-tips-for-bedroom-direction-colors/,https://zlendorealty.com/blog/vastu-tips-for-bedroom-direction-colors,301
https://blog.zlendorealty.com/worlds-largest-private-residence-design/,https://zlendorealty.com/blog/worlds-largest-private-residence-design,301
https://blog.zlendorealty.com/3d-boundary-wall-design-stylish/,https://zlendorealty.com/blog/3d-boundary-wall-design-stylish,301
https://blog.zlendorealty.com/bedroom-shelf-ideas-smart-storage-solution/,https://zlendorealty.com/blog/bedroom-shelf-ideas-smart-storage-solution,301
https://blog.zlendorealty.com/simple-pooja-room-design-home/,https://zlendorealty.com/blog/simple-pooja-room-design-home,301
https://blog.zlendorealty.com/ideal-tv-unit-height-perfect-comfort/,https://zlendorealty.com/blog/ideal-tv-unit-height-perfect-comfort,301
https://blog.zlendorealty.com/pantry-area-design-ideas/,https://zlendorealty.com/blog/pantry-area-design-ideas,301
https://blog.zlendorealty.com/new-style-bed-design-trends-bedroom/,https://zlendorealty.com/blog/new-style-bed-design-trends-bedroom,301
https://blog.zlendorealty.com/bathroom-door-design-pvc-ideas/,https://zlendorealty.com/blog/bathroom-door-design-pvc-ideas,301
https://blog.zlendorealty.com/dining-room-basin-design-concepts/,https://zlendorealty.com/blog/dining-room-basin-design-concepts,301
https://blog.zlendorealty.com/latest-hall-arch-design-living-spaces/,https://zlendorealty.com/blog/latest-hall-arch-design-living-spaces,301
https://blog.zlendorealty.com/wash-basin-wall-design-interiors/,https://zlendorealty.com/blog/wash-basin-wall-design-interiors,301
https://blog.zlendorealty.com/standard-tv-unit-dimensions-living-room/,https://zlendorealty.com/blog/standard-tv-unit-dimensions-living-room,301
https://blog.zlendorealty.com/living-room-designs-indian-style/,https://zlendorealty.com/blog/living-room-designs-indian-style,301
https://blog.zlendorealty.com/king-size-cot-dimensions-in-feet/,https://zlendorealty.com/blog/king-size-cot-dimensions-in-feet,301
https://blog.zlendorealty.com/modern-master-bedroom-interior-design/,https://zlendorealty.com/blog/modern-master-bedroom-interior-design,301
https://blog.zlendorealty.com/l-type-kitchen-design-a-smart-efficient/,https://zlendorealty.com/blog/l-type-kitchen-design-a-smart-efficient,301
https://blog.zlendorealty.com/small-hallway-decorating-ideas/,https://zlendorealty.com/blog/small-hallway-decorating-ideas,301
https://blog.zlendorealty.com/fiber-door-design-durable-and-stylish/,https://zlendorealty.com/blog/fiber-door-design-durable-and-stylish,301
https://blog.zlendorealty.com/kitchen-design-simple-indian-smart-planning/,https://zlendorealty.com/blog/kitchen-design-simple-indian-smart-planning,301
https://blog.zlendorealty.com/false-ceiling-cost-for-10x10-room/,https://zlendorealty.com/blog/false-ceiling-cost-for-10x10-room,301
https://blog.zlendorealty.com/athangudi-tiles-design-bringing-craftmanship/,https://zlendorealty.com/blog/athangudi-tiles-design-bringing-craftmanship,301
https://blog.zlendorealty.com/open-kitchen-design-simple-ideas/,https://zlendorealty.com/blog/open-kitchen-design-simple-ideas,301
https://blog.zlendorealty.com/simple-interior-design-for-hall/,https://zlendorealty.com/blog/simple-interior-design-for-hall,301
https://blog.zlendorealty.com/window-height-modern-home-design/,https://zlendorealty.com/blog/window-height-modern-home-design,301
https://blog.zlendorealty.com/kitchen-acrylic-sheet-colours-latest-trends/,https://zlendorealty.com/blog/kitchen-acrylic-sheet-colours-latest-trends,301
https://blog.zlendorealty.com/polycarbonate-roof-design-modern-solutions/,https://zlendorealty.com/blog/polycarbonate-roof-design-modern-solutions,301
https://blog.zlendorealty.com/standard-bathroom-size-in-feet-indian-home/,https://zlendorealty.com/blog/standard-bathroom-size-in-feet-indian-home,301
https://blog.zlendorealty.com/stair-room-design-smart-ideas-to-transform/,https://zlendorealty.com/blog/stair-room-design-smart-ideas-to-transform,301
https://blog.zlendorealty.com/stair-size-for-residential-homes-planning/,https://zlendorealty.com/blog/stair-size-for-residential-homes-planning,301
https://blog.zlendorealty.com/sofa-ideas-for-small-living-rooms/,https://zlendorealty.com/blog/sofa-ideas-for-small-living-rooms,301
https://blog.zlendorealty.com/living-room-with-stairs-design-smart-layout/,https://zlendorealty.com/blog/living-room-with-stairs-design-smart-layout,301
https://blog.zlendorealty.com/window-glass-colour-design-enhancing-light/,https://zlendorealty.com/blog/window-glass-colour-design-enhancing-light,301
https://blog.zlendorealty.com/bathroom-styles-guide-choosing-designs/,https://zlendorealty.com/blog/bathroom-styles-guide-choosing-designs,301
https://blog.zlendorealty.com/bedroom-shelf-design-ideas-for-space/,https://zlendorealty.com/blog/bedroom-shelf-design-ideas-for-space,301
https://blog.zlendorealty.com/front-porch-ideas-for-houses-india/,https://zlendorealty.com/blog/front-porch-ideas-for-houses-india,301
https://blog.zlendorealty.com/corner-study-table-design-ideas/,https://zlendorealty.com/blog/corner-study-table-design-ideas,301
https://blog.zlendorealty.com/bathroom-doors-design-latest-trends/,https://zlendorealty.com/blog/bathroom-doors-design-latest-trends,301
https://blog.zlendorealty.com/pvc-tv-unit-design-for-modern/,https://zlendorealty.com/blog/pvc-tv-unit-design-for-modern,301
https://blog.zlendorealty.com/u-shaped-stylish-modular-kitchen-design/,https://zlendorealty.com/blog/u-shaped-stylish-modular-kitchen-design,301
https://blog.zlendorealty.com/balcony-safety-grill-design-that-blends/,https://zlendorealty.com/blog/balcony-safety-grill-design-that-blends,301
https://blog.zlendorealty.com/minimalist-living-room-design/,https://zlendorealty.com/blog/minimalist-living-room-design,301
https://blog.zlendorealty.com/main-hall-cement-cupboard-designs-in-hall/,https://zlendorealty.com/blog/main-hall-cement-cupboard-designs-in-hall,301
https://blog.zlendorealty.com/wall-stripes-design-ideas-that-refresh/,https://zlendorealty.com/blog/wall-stripes-design-ideas-that-refresh,301
https://blog.zlendorealty.com/living-room-interior-wall-design/,https://zlendorealty.com/blog/living-room-interior-wall-design,301
https://blog.zlendorealty.com/south-facing-entrance-vastu/,https://zlendorealty.com/blog/south-facing-entrance-vastu,301
https://blog.zlendorealty.com/why-simple-modern-tv-wall-design-works/,https://zlendorealty.com/blog/why-simple-modern-tv-wall-design-works,301
https://blog.zlendorealty.com/modern-pillar-designs-for-indian-homes/,https://zlendorealty.com/blog/modern-pillar-designs-for-indian-homes,301
https://blog.zlendorealty.com/creative-girl-kids-bedroom-ideas/,https://zlendorealty.com/blog/creative-girl-kids-bedroom-ideas,301
https://blog.zlendorealty.com/room-design-ideas-to-refresh/,https://zlendorealty.com/blog/room-design-ideas-to-refresh,301
https://blog.zlendorealty.com/bedroom-wall-panels-a-modern-way/,https://zlendorealty.com/blog/bedroom-wall-panels-a-modern-way,301
https://blog.zlendorealty.com/home-design-ideas-outside/,https://zlendorealty.com/blog/home-design-ideas-outside,301
https://blog.zlendorealty.com/flora-fountain-ideas-that-enhance-beauty/,https://zlendorealty.com/blog/flora-fountain-ideas-that-enhance-beauty,301
https://blog.zlendorealty.com/creative-ceiling-hanging-decorations/,https://zlendorealty.com/blog/creative-ceiling-hanging-decorations,301
https://blog.zlendorealty.com/simple-wood-wall-designs-interiors/,https://zlendorealty.com/blog/simple-wood-wall-designs-interiors,301
https://blog.zlendorealty.com/ideal-washroom-window-sizes/,https://zlendorealty.com/blog/ideal-washroom-window-sizes,301
https://blog.zlendorealty.com/designed-dining-areas-for-modern-homes/,https://zlendorealty.com/blog/designed-dining-areas-for-modern-homes,301
https://blog.zlendorealty.com/sofa-colour-ideas-for-a-stylish-room/,https://zlendorealty.com/blog/sofa-colour-ideas-for-a-stylish-room,301
https://blog.zlendorealty.com/small-bedroom-interior-design-ideas/,https://zlendorealty.com/blog/small-bedroom-interior-design-ideas,301
https://blog.zlendorealty.com/ideas-for-stair-wall-colour-design/,https://zlendorealty.com/blog/ideas-for-stair-wall-colour-design,301
https://blog.zlendorealty.com/elegant-modern-portico-designs/,https://zlendorealty.com/blog/elegant-modern-portico-designs,301
https://blog.zlendorealty.com/toilet-window-design-ideas/,https://zlendorealty.com/blog/toilet-window-design-ideas,301
https://blog.zlendorealty.com/home-front-porch-design-inspiration/,https://zlendorealty.com/blog/home-front-porch-design-inspiration,301
https://blog.zlendorealty.com/tv-hall-interior-design-ideas/,https://zlendorealty.com/blog/tv-hall-interior-design-ideas,301
https://blog.zlendorealty.com/pvc-ceiling-design-for-homes/,https://zlendorealty.com/blog/pvc-ceiling-design-for-homes,301
https://blog.zlendorealty.com/master-bedroom-wall-panelling-design/,https://zlendorealty.com/blog/master-bedroom-wall-panelling-design,301
https://blog.zlendorealty.com/south-wall-color-as-per-vastu/,https://zlendorealty.com/blog/south-wall-color-as-per-vastu,301
https://blog.zlendorealty.com/kitchen-according-to-vastu/,https://zlendorealty.com/blog/kitchen-according-to-vastu,301
https://blog.zlendorealty.com/living-room-colour-as-per-vastu/,https://zlendorealty.com/blog/living-room-colour-as-per-vastu,301
https://blog.zlendorealty.com/vastu-for-bedroom-furniture/,https://zlendorealty.com/blog/vastu-for-bedroom-furniture,301
https://blog.zlendorealty.com/main-door-god-designs-vastu-ideas/,https://zlendorealty.com/blog/main-door-god-designs-vastu-ideas,301
https://blog.zlendorealty.com/room-ceiling-design-latest-ideas/,https://zlendorealty.com/blog/room-ceiling-design-latest-ideas,301
https://blog.zlendorealty.com/study-table-rack-smart-storage-ideas/,https://zlendorealty.com/blog/study-table-rack-smart-storage-ideas,301
https://blog.zlendorealty.com/standard-kitchen-slab-dimensions/,https://zlendorealty.com/blog/standard-kitchen-slab-dimensions,301
https://blog.zlendorealty.com/cupboard-interior-design-ideas/,https://zlendorealty.com/blog/cupboard-interior-design-ideas,301
https://blog.zlendorealty.com/professional-interior-quotation-format/,https://zlendorealty.com/blog/professional-interior-quotation-format,301
https://blog.zlendorealty.com/stylish-idea-for-kitchen-sliding-door-design/,https://zlendorealty.com/blog/stylish-idea-for-kitchen-sliding-door-design,301
https://blog.zlendorealty.com/kitchen-chimney-buying-guide/,https://zlendorealty.com/blog/kitchen-chimney-buying-guide,301
https://blog.zlendorealty.com/smart-storage-solutions-for-wardrobe/,https://zlendorealty.com/blog/smart-storage-solutions-for-wardrobe,301
https://blog.zlendorealty.com/bathroom-cubicle-guide-smart-types/,https://zlendorealty.com/blog/bathroom-cubicle-guide-smart-types,301
https://blog.zlendorealty.com/modern-indian-main-door-designs/,https://zlendorealty.com/blog/modern-indian-main-door-designs,301
https://blog.zlendorealty.com/wall-mounted-crockery-unit-design/,https://zlendorealty.com/blog/wall-mounted-crockery-unit-design,301
https://blog.zlendorealty.com/tandem-basket-explained-meaning/,https://zlendorealty.com/blog/tandem-basket-explained-meaning,301
https://blog.zlendorealty.com/home-decor-quotes-that-inspire/,https://zlendorealty.com/blog/home-decor-quotes-that-inspire,301
https://blog.zlendorealty.com/vastu-shastra-colors-for-living-room/,https://zlendorealty.com/blog/vastu-shastra-colors-for-living-room,301
https://blog.zlendorealty.com/vastu-colour-for-home-a-simple-guide/,https://zlendorealty.com/blog/vastu-colour-for-home-a-simple-guide,301
https://blog.zlendorealty.com/staircase-as-per-vastu-practical-guideline/,https://zlendorealty.com/blog/staircase-as-per-vastu-practical-guideline,301
https://blog.zlendorealty.com/west-wall-colour-as-per-vastu/,https://zlendorealty.com/blog/west-wall-colour-as-per-vastu,301
https://blog.zlendorealty.com/pooja-room-vastu-for-north-facing-house/,https://zlendorealty.com/blog/pooja-room-vastu-for-north-facing-house,301
https://blog.zlendorealty.com/puja-room-colour-as-per-vastu/,https://zlendorealty.com/blog/puja-room-colour-as-per-vastu,301
https://blog.zlendorealty.com/north-wall-colour-as-per-vastu/,https://zlendorealty.com/blog/north-wall-colour-as-per-vastu,301
https://blog.zlendorealty.com/north-facing-house-vastu-plan-pooja-room/,https://zlendorealty.com/blog/north-facing-house-vastu-plan-pooja-room,301
https://blog.zlendorealty.com/cupboard-direction-as-per-vastu/,https://zlendorealty.com/blog/cupboard-direction-as-per-vastu,301
https://blog.zlendorealty.com/south-facing-house-vastu-tips/,https://zlendorealty.com/blog/south-facing-house-vastu-tips,301
https://blog.zlendorealty.com/bathroom-vastu-rules-harmonious-home/,https://zlendorealty.com/blog/bathroom-vastu-rules-harmonious-home,301
https://blog.zlendorealty.com/best-colors-for-kitchen-as-per-vastu/,https://zlendorealty.com/blog/best-colors-for-kitchen-as-per-vastu,301
https://blog.zlendorealty.com/main-door-house-entrance-vastu-energy/,https://zlendorealty.com/blog/main-door-house-entrance-vastu-energy,301
https://blog.zlendorealty.com/wall-paneling-materials-trends/,https://zlendorealty.com/blog/wall-paneling-materials-trends,301
https://blog.zlendorealty.com/kitchen-slab-design-trends-home/,https://zlendorealty.com/blog/kitchen-slab-design-trends-home,301
https://blog.zlendorealty.com/simple-pop-border-design-ideas/,https://zlendorealty.com/blog/simple-pop-border-design-ideas,301
https://blog.zlendorealty.com/living-room-molding-design/,https://zlendorealty.com/blog/living-room-molding-design,301
https://blog.zlendorealty.com/single-storey-house-design-ideas/,https://zlendorealty.com/blog/single-storey-house-design-ideas,301
https://blog.zlendorealty.com/building-height-rules-standards/,https://zlendorealty.com/blog/building-height-rules-standards,301
https://blog.zlendorealty.com/kitchen-vastu-map-guide/,https://zlendorealty.com/blog/kitchen-vastu-map-guide,301
https://blog.zlendorealty.com/modern-bathroom-design-photos/,https://zlendorealty.com/blog/modern-bathroom-design-photos,301
https://blog.zlendorealty.com/house-picture-gallery-home-designs/,https://zlendorealty.com/blog/house-picture-gallery-home-designs,301
https://blog.zlendorealty.com/kitchen-work-design-guide/,https://zlendorealty.com/blog/kitchen-work-design-guide,301
https://blog.zlendorealty.com/makan-front-design-modern-elevation-2/,https://zlendorealty.com/blog/makan-front-design-modern-elevation-2,301
https://blog.zlendorealty.com/ergonomic-design-in-homes/,https://zlendorealty.com/blog/ergonomic-design-in-homes,301
https://blog.zlendorealty.com/floor-house-design-ideas/,https://zlendorealty.com/blog/floor-house-design-ideas,301
https://blog.zlendorealty.com/home-idea-inspirations/,https://zlendorealty.com/blog/home-idea-inspirations,301
https://blog.zlendorealty.com/small-modular-kitchen-design-home/,https://zlendorealty.com/blog/small-modular-kitchen-design-home,301
https://blog.zlendorealty.com/bedroom-materials-guide/,https://zlendorealty.com/blog/bedroom-materials-guide,301
https://blog.zlendorealty.com/interior-design-color-combinations/,https://zlendorealty.com/blog/interior-design-color-combinations,301
https://blog.zlendorealty.com/minimum-bedroom-size-indian-standards-vastu/,https://zlendorealty.com/blog/minimum-bedroom-size-indian-standards-vastu,301
https://blog.zlendorealty.com/small-simple-kitchen-design-ideas/,https://zlendorealty.com/blog/small-simple-kitchen-design-ideas,301
https://blog.zlendorealty.com/stairs-floor-plan-guide/,https://zlendorealty.com/blog/stairs-floor-plan-guide,301
https://blog.zlendorealty.com/floor-ceiling-design-ideas/,https://zlendorealty.com/blog/floor-ceiling-design-ideas,301
https://blog.zlendorealty.com/modern-kitchen-pictures-design/,https://zlendorealty.com/blog/modern-kitchen-pictures-design,301
https://blog.zlendorealty.com/2-storey-building-design-plans/,https://zlendorealty.com/blog/2-storey-building-design-plans,301
https://blog.zlendorealty.com/small-kitchen-cabinets-storage-solutions/,https://zlendorealty.com/blog/small-kitchen-cabinets-storage-solutions,301
https://blog.zlendorealty.com/second-floor-elevation-designs/,https://zlendorealty.com/blog/second-floor-elevation-designs,301
https://blog.zlendorealty.com/80-square-inches-explained/,https://zlendorealty.com/blog/80-square-inches-explained,301
https://blog.zlendorealty.com/house-room-pic-collection/,https://zlendorealty.com/blog/house-room-pic-collection,301
https://blog.zlendorealty.com/european-style-interior-design/,https://zlendorealty.com/blog/european-style-interior-design,301
https://blog.zlendorealty.com/project-ideas-design-architecture-interiors/,https://zlendorealty.com/blog/project-ideas-design-architecture-interiors,301
https://blog.zlendorealty.com/open-bathroom-luxury-indian-homes/,https://zlendorealty.com/blog/open-bathroom-luxury-indian-homes,301
https://blog.zlendorealty.com/ultra-modern-luxury-kitchen-design/,https://zlendorealty.com/blog/ultra-modern-luxury-kitchen-design,301
https://blog.zlendorealty.com/home-front-design-simple/,https://zlendorealty.com/blog/home-front-design-simple,301
https://blog.zlendorealty.com/small-luxury-bathroom-ideas/,https://zlendorealty.com/blog/small-luxury-bathroom-ideas,301
https://blog.zlendorealty.com/best-interior-design-apps/,https://zlendorealty.com/blog/best-interior-design-apps,301
https://blog.zlendorealty.com/wallpaper-accent-wall-living-room/,https://zlendorealty.com/blog/wallpaper-accent-wall-living-room,301
https://blog.zlendorealty.com/new-house-design-2026-trends-layouts/,https://zlendorealty.com/blog/new-house-design-2026-trends-layouts,301
https://blog.zlendorealty.com/house-design-styles-explained/,https://zlendorealty.com/blog/house-design-styles-explained,301
https://blog.zlendorealty.com/house-design-swimming-pool/,https://zlendorealty.com/blog/house-design-swimming-pool,301
https://blog.zlendorealty.com/house-lawn-design-ideas/,https://zlendorealty.com/blog/house-lawn-design-ideas,301
https://blog.zlendorealty.com/modern-house-design-ideas/,https://zlendorealty.com/blog/modern-house-design-ideas,301
https://blog.zlendorealty.com/interior-wall-paneling-designs/,https://zlendorealty.com/blog/interior-wall-paneling-designs,301
https://blog.zlendorealty.com/best-house-designs-modern-homes/,https://zlendorealty.com/blog/best-house-designs-modern-homes,301
https://blog.zlendorealty.com/furniture-village-guide-styles/,https://zlendorealty.com/blog/furniture-village-guide-styles,301
https://blog.zlendorealty.com/2bhk-interior-mistakes/,https://zlendorealty.com/blog/2bhk-interior-mistakes,301
https://blog.zlendorealty.com/best-home-design-software/,https://zlendorealty.com/blog/best-home-design-software,301
https://blog.zlendorealty.com/3d-home-design-explained-2/,https://zlendorealty.com/blog/3d-home-design-explained-2,301
https://blog.zlendorealty.com/home-interior-design-software/,https://zlendorealty.com/blog/home-interior-design-software,301
https://blog.zlendorealty.com/3d-design-for-home-explained/,https://zlendorealty.com/blog/3d-design-for-home-explained,301
https://blog.zlendorealty.com/ai-home-design-explained/,https://zlendorealty.com/blog/ai-home-design-explained,301
https://blog.zlendorealty.com/fresh-wall-decoration-ideas-dining-rooms/,https://zlendorealty.com/blog/fresh-wall-decoration-ideas-dining-rooms,301
https://blog.zlendorealty.com/fresh-wall-decoration-ideas-dining-rooms-2/,https://zlendorealty.com/blog/fresh-wall-decoration-ideas-dining-rooms-2,301
https://blog.zlendorealty.com/small-study-room-ideas/,https://zlendorealty.com/blog/small-study-room-ideas,301
https://blog.zlendorealty.com/blue-and-white-room-design-ideas/,https://zlendorealty.com/blog/blue-and-white-room-design-ideas,301
https://blog.zlendorealty.com/japan-home-design-ideas/,https://zlendorealty.com/blog/japan-home-design-ideas,301
https://blog.zlendorealty.com/corner-kitchen-cabinet-design-ideas/,https://zlendorealty.com/blog/corner-kitchen-cabinet-design-ideas,301
https://blog.zlendorealty.com/simple-home-front-design-ideas/,https://zlendorealty.com/blog/simple-home-front-design-ideas,301
https://blog.zlendorealty.com/modern-kitchen-designs-photo-gallery/,https://zlendorealty.com/blog/modern-kitchen-designs-photo-gallery,301
https://blog.zlendorealty.com/how-to-decorate-my-room-2/,https://zlendorealty.com/blog/how-to-decorate-my-room-2,301
https://blog.zlendorealty.com/design-my-room-simple-planning-ideas/,https://zlendorealty.com/blog/design-my-room-simple-planning-ideas,301
https://blog.zlendorealty.com/front-elevation-for-2-floor-house/,https://zlendorealty.com/blog/front-elevation-for-2-floor-house,301
https://blog.zlendorealty.com/ai-home-design-generator/,https://zlendorealty.com/blog/ai-home-design-generator,301
https://blog.zlendorealty.com/house-pool-design-ideas/,https://zlendorealty.com/blog/house-pool-design-ideas,301
https://blog.zlendorealty.com/house-photo-wallpaper-ideas/,https://zlendorealty.com/blog/house-photo-wallpaper-ideas,301
https://blog.zlendorealty.com/house-colors-images-inside-ideas/,https://zlendorealty.com/blog/house-colors-images-inside-ideas,301
https://blog.zlendorealty.com/room-design-games-creative-ideas/,https://zlendorealty.com/blog/room-design-games-creative-ideas,301
https://blog.zlendorealty.com/open-floor-plan-house-plans/,https://zlendorealty.com/blog/open-floor-plan-house-plans,301
https://blog.zlendorealty.com/home-furnishing-ideas-living-room/,https://zlendorealty.com/blog/home-furnishing-ideas-living-room,301
https://blog.zlendorealty.com/best-decoration-ideas-home-interiors/,https://zlendorealty.com/blog/best-decoration-ideas-home-interiors,301
https://blog.zlendorealty.com/different-rooms-in-a-house-explained/,https://zlendorealty.com/blog/different-rooms-in-a-house-explained,301
https://blog.zlendorealty.com/industrial-style-interior-design-modern-home/,https://zlendorealty.com/blog/industrial-style-interior-design-modern-home,301
https://blog.zlendorealty.com/typical-dining-table-height/,https://zlendorealty.com/blog/typical-dining-table-height,301
https://blog.zlendorealty.com/small-garden-design-for-home/,https://zlendorealty.com/blog/small-garden-design-for-home,301
https://blog.zlendorealty.com/names-of-rooms-in-a-house/,https://zlendorealty.com/blog/names-of-rooms-in-a-house,301
https://blog.zlendorealty.com/home-bar-setup-ideas-stylish-spaces/,https://zlendorealty.com/blog/home-bar-setup-ideas-stylish-spaces,301
https://blog.zlendorealty.com/stairs-plan-ideas-residential-homes/,https://zlendorealty.com/blog/stairs-plan-ideas-residential-homes,301
https://blog.zlendorealty.com/game-room-ideas-fun-spaces/,https://zlendorealty.com/blog/game-room-ideas-fun-spaces,301
https://blog.zlendorealty.com/kitchen-designs-photo-gallery/,https://zlendorealty.com/blog/kitchen-designs-photo-gallery,301
https://blog.zlendorealty.com/aesthetic-room-decor-ideas-modern-living/,https://zlendorealty.com/blog/aesthetic-room-decor-ideas-modern-living,301
https://blog.zlendorealty.com/bedroom-game-room-ideas-simple/,https://zlendorealty.com/blog/bedroom-game-room-ideas-simple,301
https://blog.zlendorealty.com/3d-house-design-free-tools/,https://zlendorealty.com/blog/3d-house-design-free-tools,301
https://blog.zlendorealty.com/kitchen-room-design-ideas/,https://zlendorealty.com/blog/kitchen-room-design-ideas,301
https://blog.zlendorealty.com/normal-bedroom-size-comfortable-living/,https://zlendorealty.com/blog/normal-bedroom-size-comfortable-living,301
https://blog.zlendorealty.com/corner-kitchen-ideas-modern-homes/,https://zlendorealty.com/blog/corner-kitchen-ideas-modern-homes,301
https://blog.zlendorealty.com/inexpensive-bedroom-ideas-design/,https://zlendorealty.com/blog/inexpensive-bedroom-ideas-design,301
https://blog.zlendorealty.com/staircase-plan-ideas-houses/,https://zlendorealty.com/blog/staircase-plan-ideas-houses,301
https://blog.zlendorealty.com/orange-color-sofa-styling-ideas/,https://zlendorealty.com/blog/orange-color-sofa-styling-ideas,301
https://blog.zlendorealty.com/kitchen-lighting-ideas-spaces/,https://zlendorealty.com/blog/kitchen-lighting-ideas-spaces,301
https://blog.zlendorealty.com/vastu-living-room-layout-guide/,https://zlendorealty.com/blog/vastu-living-room-layout-guide,301
https://blog.zlendorealty.com/bathroom-tiles-design-inspirations/,https://zlendorealty.com/blog/bathroom-tiles-design-inspirations,301
https://blog.zlendorealty.com/small-balcony-ideas-smart-and-simple/,https://zlendorealty.com/blog/small-balcony-ideas-smart-and-simple,301
https://blog.zlendorealty.com/house-front-elevation-designs-ideas/,https://zlendorealty.com/blog/house-front-elevation-designs-ideas,301
https://blog.zlendorealty.com/vastu-staircase-rules-positive-energy/,https://zlendorealty.com/blog/vastu-staircase-rules-positive-energy,301
https://blog.zlendorealty.com/modular-kitchen-price-guide/,https://zlendorealty.com/blog/modular-kitchen-price-guide,301
https://blog.zlendorealty.com/ai-interior-design-software-explained/,https://zlendorealty.com/blog/ai-interior-design-software-explained,301
https://blog.zlendorealty.com/house-construction-cost-strategies/,https://zlendorealty.com/blog/house-construction-cost-strategies,301
https://blog.zlendorealty.com/dining-room-design-ideas/,https://zlendorealty.com/blog/dining-room-design-ideas,301
https://blog.zlendorealty.com/virtual-home-design-explained/,https://zlendorealty.com/blog/virtual-home-design-explained,301
https://blog.zlendorealty.com/house-renovation-ideas/,https://zlendorealty.com/blog/house-renovation-ideas,301
https://blog.zlendorealty.com/online-room-planner-guide/,https://zlendorealty.com/blog/online-room-planner-guide,301
https://blog.zlendorealty.com/smart-home-design-tools-explained/,https://zlendorealty.com/blog/smart-home-design-tools-explained,301
https://blog.zlendorealty.com/floor-plan-design-software-explained/,https://zlendorealty.com/blog/floor-plan-design-software-explained,301
https://blog.zlendorealty.com/house-planning-software-guide/,https://zlendorealty.com/blog/house-planning-software-guide,301
https://blog.zlendorealty.com/home-interior-design-planning/,https://zlendorealty.com/blog/home-interior-design-planning,301
https://blog.zlendorealty.com/american-style-house-design/,https://zlendorealty.com/blog/american-style-house-design,301
https://blog.zlendorealty.com/small-modular-kitchen-design/,https://zlendorealty.com/blog/small-modular-kitchen-design,301
https://blog.zlendorealty.com/design-smarter-floor-plan/,https://zlendorealty.com/blog/design-smarter-floor-plan,301
https://blog.zlendorealty.com/zlendo-realty-next-gen-floor-planning/,https://zlendorealty.com/blog/zlendo-realty-next-gen-floor-planning,301
https://blog.zlendorealty.com/creative-wall-tile-ideas-to-upgrade/,https://zlendorealty.com/blog/creative-wall-tile-ideas-to-upgrade,301
https://blog.zlendorealty.com/stunning-high-tech-kitchen-design-ideas/,https://zlendorealty.com/blog/stunning-high-tech-kitchen-design-ideas,301
https://blog.zlendorealty.com/latest-porch-style-design-ideas/,https://zlendorealty.com/blog/latest-porch-style-design-ideas,301
https://blog.zlendorealty.com/elegant-modern-office-design-ideas/,https://zlendorealty.com/blog/elegant-modern-office-design-ideas,301
https://blog.zlendorealty.com/beautiful-outdoor-balcony-design-idea/,https://zlendorealty.com/blog/beautiful-outdoor-balcony-design-idea,301
https://blog.zlendorealty.com/trending-modern-house-design-inside/,https://zlendorealty.com/blog/trending-modern-house-design-inside,301
https://blog.zlendorealty.com/calming-green-bedroom-design-ideas/,https://zlendorealty.com/blog/calming-green-bedroom-design-ideas,301
https://blog.zlendorealty.com/elegant-living-room-molding-design-ideas/,https://zlendorealty.com/blog/elegant-living-room-molding-design-ideas,301
https://blog.zlendorealty.com/motivational-gym-design-ideas/,https://zlendorealty.com/blog/motivational-gym-design-ideas,301
https://blog.zlendorealty.com/beautiful-contemporary-bedrooms-design-ideas/,https://zlendorealty.com/blog/beautiful-contemporary-bedrooms-design-ideas,301
https://blog.zlendorealty.com/luxury-sunken-hall-design-ideas/,https://zlendorealty.com/blog/luxury-sunken-hall-design-ideas,301
https://blog.zlendorealty.com/warm-cozy-rustic-design-ideas/,https://zlendorealty.com/blog/warm-cozy-rustic-design-ideas,301
https://blog.zlendorealty.com/stylish-outside-dining-area-design-idea/,https://zlendorealty.com/blog/stylish-outside-dining-area-design-idea,301
https://blog.zlendorealty.com/elegant-cottage-interior-design-ideas/,https://zlendorealty.com/blog/elegant-cottage-interior-design-ideas,301
https://blog.zlendorealty.com/creative-wood-wallpaper-on-ceiling/,https://zlendorealty.com/blog/creative-wood-wallpaper-on-ceiling,301
https://blog.zlendorealty.com/trendy-coffee-shop-interior-design/,https://zlendorealty.com/blog/trendy-coffee-shop-interior-design,301
https://blog.zlendorealty.com/ai-based-vastu-analysis-for-modern-homes-by-zlendo-realty/,https://zlendorealty.com/blog/ai-based-vastu-analysis-for-modern-homes-by-zlendo-realty,301
https://blog.zlendorealty.com/smart-vastu-planning-for-modern-home/,https://zlendorealty.com/blog/smart-vastu-planning-for-modern-home,301
https://blog.zlendorealty.com/design-stunning-interiors/,https://zlendorealty.com/blog/design-stunning-interiors,301
https://blog.zlendorealty.com/smart-construction-cost-estimator/,https://zlendorealty.com/blog/smart-construction-cost-estimator,301
https://blog.zlendorealty.com/zlendo-realty-ai-partnership/,https://zlendorealty.com/blog/zlendo-realty-ai-partnership,301
https://blog.zlendorealty.com/flat-60-off-on-zlendo-realty/,https://zlendorealty.com/blog/flat-60-off-on-zlendo-realty,301
https://blog.zlendorealty.com/transform-your-painting-business/,https://zlendorealty.com/blog/transform-your-painting-business,301
https://blog.zlendorealty.com/tmt-bar-sizes-india/,https://zlendorealty.com/blog/tmt-bar-sizes-india,301
https://blog.zlendorealty.com/sell-homes-faster-3d-interior-design-library/,https://zlendorealty.com/blog/sell-homes-faster-3d-interior-design-library,301
https://blog.zlendorealty.com/hyper-realistic-8k-walkthroughs/,https://zlendorealty.com/blog/hyper-realistic-8k-walkthroughs,301
https://blog.zlendorealty.com/interior-exterior-waterproof-paint-guide/,https://zlendorealty.com/blog/interior-exterior-waterproof-paint-guide,301
https://blog.zlendorealty.com/ai-architecture-design-software-home-design/,https://zlendorealty.com/blog/ai-architecture-design-software-home-design,301
https://blog.zlendorealty.com/top-cement-brands-in-india/,https://zlendorealty.com/blog/top-cement-brands-in-india,301
https://blog.zlendorealty.com/8k-renders-real-estate-vr-ar-sell-faster/,https://zlendorealty.com/blog/8k-renders-real-estate-vr-ar-sell-faster,301
https://blog.zlendorealty.com/best-floor-tiles-2026/,https://zlendorealty.com/blog/best-floor-tiles-2026,301
https://blog.zlendorealty.com/cad-software-for-house-plans/,https://zlendorealty.com/blog/cad-software-for-house-plans,301
https://blog.zlendorealty.com/free-online-3d-house-elevation-design/,https://zlendorealty.com/blog/free-online-3d-house-elevation-design,301
https://blog.zlendorealty.com/boost-house-resale-value-before-selling/,https://zlendorealty.com/blog/boost-house-resale-value-before-selling,301
https://blog.zlendorealty.com/pre-built-home-design-templates/,https://zlendorealty.com/blog/pre-built-home-design-templates,301
https://blog.zlendorealty.com/zlendo-realty-editor-2-3-0/,https://zlendorealty.com/blog/zlendo-realty-editor-2-3-0,301
https://blog.zlendorealty.com/ai-house-design-career-zlendo-realty/,https://zlendorealty.com/blog/ai-house-design-career-zlendo-realty,301
https://blog.zlendorealty.com/home-remodeling-software-2026/,https://zlendorealty.com/blog/home-remodeling-software-2026,301
https://blog.zlendorealty.com/home-office-design-ideas/,https://zlendorealty.com/blog/home-office-design-ideas,301
https://blog.zlendorealty.com/smart-electrical-solutions-home-guide/,https://zlendorealty.com/blog/smart-electrical-solutions-home-guide,301
https://blog.zlendorealty.com/multi-floor-house-design/,https://zlendorealty.com/blog/multi-floor-house-design,301
https://blog.zlendorealty.com/ai-home-design-software/,https://zlendorealty.com/blog/ai-home-design-software,301
https://blog.zlendorealty.com/kitchen-and-bathroom-fittings-india/,https://zlendorealty.com/blog/kitchen-and-bathroom-fittings-india,301
https://blog.zlendorealty.com/high-rise-residential-building-design/,https://zlendorealty.com/blog/high-rise-residential-building-design,301
https://blog.zlendorealty.com/high-paying-draftsman-jobs-2026-ai-design/,https://zlendorealty.com/blog/high-paying-draftsman-jobs-2026-ai-design,301
https://blog.zlendorealty.com/build-house-in-india-from-abroad-nri-guide/,https://zlendorealty.com/blog/build-house-in-india-from-abroad-nri-guide,301
https://blog.zlendorealty.com/1500-sq-ft-house-construction-cost-india/,https://zlendorealty.com/blog/1500-sq-ft-house-construction-cost-india,301
https://blog.zlendorealty.com/best-interior-design-software-for-beginners/,https://zlendorealty.com/blog/best-interior-design-software-for-beginners,301
https://blog.zlendorealty.com/vastu-for-house-entrance-best-direction-mistakes/,https://zlendorealty.com/blog/vastu-for-house-entrance-best-direction-mistakes,301
https://blog.zlendorealty.com/ai-house-design-vs-traditional-architecture-2026/,https://zlendorealty.com/blog/ai-house-design-vs-traditional-architecture-2026,301
https://blog.zlendorealty.com/east-facing-2bhk-house-vastu-room-positions-layout-guide/,https://zlendorealty.com/blog/east-facing-2bhk-house-vastu-room-positions-layout-guide,301
https://blog.zlendorealty.com/3d-design-software/,https://zlendorealty.com/blog/3d-design-software,301
https://blog.zlendorealty.com/east-facing-2bhk-house-vastu-room-positions-layout-guide/,https://zlendorealty.com/blog/east-facing-2bhk-house-vastu-room-positions-layout-guide,301